{
  "project_info": {
    "project_number": "914964964850",
    "firebase_url": "https://adminlowongan-default-rtdb.asia-southeast1.firebasedatabase.app",
    "project_id": "adminlowongan",
    "storage_bucket": "adminlowongan.firebasestorage.app"
  },
  "client": [
    {
      "client_info": {
        "mobilesdk_app_id": "1:914964964850:android:1838286a596c77ee79f76b",
        "android_client_info": {
          "package_name": "com.example.myapplication"
        }
      },
      "oauth_client": [],
      "api_key": [
        {
          "current_key": "AIzaSyBww-FSmC3d_dzcq12fIMuZtGPcBEkCQe8"
        }
      ],
      "services": {
        "appinvite_service": {
          "other_platform_oauth_client": []
        }
      }
    },
    {
      "client_info": {
        "mobilesdk_app_id": "1:914964964850:android:6e92758b747e58bd79f76b",
        "android_client_info": {
          "package_name": "com.example.project"
        }
      },
      "oauth_client": [],
      "api_key": [
        {
          "current_key": "AIzaSyBww-FSmC3d_dzcq12fIMuZtGPcBEkCQe8"
        }
      ],
      "services": {
        "appinvite_service": {
          "other_platform_oauth_client": []
        }
      }
    }
  ],
  "configuration_version": "1"
}